"filename", "language", "Shell Script", "CSS", "JavaScript", "Elixir", "HEEx", "Ignore", "Markdown", "JSON", "XML", "HTML", "Database", "CSV", "Docker", "comment", "blank", "total"
"/Users/chris/playground/oas/.dockerignore", "Ignore", 0, 0, 0, 0, 0, 2, 0, 0, 0, 0, 0, 0, 0, 0, 1, 3
"/Users/chris/playground/oas/.formatter.exs", "Elixir", 0, 0, 0, 5, 0, 0, 0, 0, 0, 0, 0, 0, 0, 0, 1, 6
"/Users/chris/playground/oas/Dockerfile", "Docker", 0, 0, 0, 0, 0, 0, 0, 0, 0, 0, 0, 0, 15, 8, 8, 31
"/Users/chris/playground/oas/README.md", "Markdown", 0, 0, 0, 0, 0, 0, 68, 0, 0, 0, 0, 0, 0, 0, 23, 91
"/Users/chris/playground/oas/assets/css/app.css", "CSS", 0, 102, 0, 0, 0, 0, 0, 0, 0, 0, 0, 0, 0, 3, 16, 121
"/Users/chris/playground/oas/assets/css/phoenix.css", "CSS", 0, 90, 0, 0, 0, 0, 0, 0, 0, 0, 0, 0, 0, 9, 10, 109
"/Users/chris/playground/oas/assets/js/app.js", "JavaScript", 0, 0, 12, 0, 0, 0, 0, 0, 0, 0, 0, 0, 0, 25, 9, 46
"/Users/chris/playground/oas/assets/vendor/topbar.js", "JavaScript", 0, 0, 145, 0, 0, 0, 0, 0, 0, 0, 0, 0, 0, 7, 6, 158
"/Users/chris/playground/oas/config/config.exs", "Elixir", 0, 0, 0, 30, 0, 0, 0, 0, 0, 0, 0, 0, 0, 22, 11, 63
"/Users/chris/playground/oas/config/dev.exs", "Elixir", 0, 0, 0, 27, 0, 0, 0, 0, 0, 0, 0, 0, 0, 47, 12, 86
"/Users/chris/playground/oas/config/prod.exs", "Elixir", 0, 0, 0, 26, 0, 0, 0, 0, 0, 0, 0, 0, 0, 46, 9, 81
"/Users/chris/playground/oas/config/runtime.exs", "Elixir", 0, 0, 0, 32, 0, 0, 0, 0, 0, 0, 0, 0, 0, 43, 11, 86
"/Users/chris/playground/oas/config/test.exs", "Elixir", 0, 0, 0, 16, 0, 0, 0, 0, 0, 0, 0, 0, 0, 11, 7, 34
"/Users/chris/playground/oas/dbs/qslite-dev.db", "Database", 0, 0, 0, 0, 0, 0, 0, 0, 0, 0, 17, 0, 0, 0, 0, 17
"/Users/chris/playground/oas/dbs/sqlite-dev.db", "Database", 0, 0, 0, 0, 0, 0, 0, 0, 0, 0, 104, 0, 0, 0, 2, 106
"/Users/chris/playground/oas/docker.sh", "Shell Script", 8, 0, 0, 0, 0, 0, 0, 0, 0, 0, 0, 0, 0, 1, 4, 13
"/Users/chris/playground/oas/example-data/OAS_Budget_June-Oct2022.csv", "CSV", 0, 0, 0, 0, 0, 0, 0, 0, 0, 0, 0, 29, 0, 0, 2, 31
"/Users/chris/playground/oas/example-data/test.csv", "CSV", 0, 0, 0, 0, 0, 0, 0, 0, 0, 0, 0, 2, 0, 0, 3, 5
"/Users/chris/playground/oas/lib/oas.ex", "Elixir", 0, 0, 0, 25, 0, 0, 0, 0, 0, 0, 0, 0, 0, 1, 9, 35
"/Users/chris/playground/oas/lib/oas/application.ex", "Elixir", 0, 0, 0, 21, 0, 0, 0, 0, 0, 0, 0, 0, 0, 12, 6, 39
"/Users/chris/playground/oas/lib/oas/attendance.ex", "Elixir", 0, 0, 0, 110, 0, 0, 0, 0, 0, 0, 0, 0, 0, 0, 27, 137
"/Users/chris/playground/oas/lib/oas/import_transactions.ex", "Elixir", 0, 0, 0, 148, 0, 0, 0, 0, 0, 0, 0, 0, 0, 11, 22, 181
"/Users/chris/playground/oas/lib/oas/mailer.ex", "Elixir", 0, 0, 0, 3, 0, 0, 0, 0, 0, 0, 0, 0, 0, 0, 1, 4
"/Users/chris/playground/oas/lib/oas/members.ex", "Elixir", 0, 0, 0, 247, 0, 0, 0, 0, 0, 0, 0, 0, 0, 20, 88, 355
"/Users/chris/playground/oas/lib/oas/members/member.ex", "Elixir", 0, 0, 0, 130, 0, 0, 0, 0, 0, 0, 0, 0, 0, 6, 25, 161
"/Users/chris/playground/oas/lib/oas/members/member_details.ex", "Elixir", 0, 0, 0, 30, 0, 0, 0, 0, 0, 0, 0, 0, 0, 0, 11, 41
"/Users/chris/playground/oas/lib/oas/members/member_notifier.ex", "Elixir", 0, 0, 0, 51, 0, 0, 0, 0, 0, 0, 0, 0, 0, 4, 25, 80
"/Users/chris/playground/oas/lib/oas/members/member_token.ex", "Elixir", 0, 0, 0, 144, 0, 0, 0, 0, 0, 0, 0, 0, 0, 2, 34, 180
"/Users/chris/playground/oas/lib/oas/members/membership.ex", "Elixir", 0, 0, 0, 11, 0, 0, 0, 0, 0, 0, 0, 0, 0, 0, 5, 16
"/Users/chris/playground/oas/lib/oas/members/membership_period.ex", "Elixir", 0, 0, 0, 22, 0, 0, 0, 0, 0, 0, 0, 0, 0, 0, 7, 29
"/Users/chris/playground/oas/lib/oas/repo.ex", "Elixir", 0, 0, 0, 5, 0, 0, 0, 0, 0, 0, 0, 0, 0, 1, 1, 7
"/Users/chris/playground/oas/lib/oas/tokens/token.ex", "Elixir", 0, 0, 0, 16, 0, 0, 0, 0, 0, 0, 0, 0, 0, 0, 3, 19
"/Users/chris/playground/oas/lib/oas/trainings/attendance.ex", "Elixir", 0, 0, 0, 10, 0, 0, 0, 0, 0, 0, 0, 0, 0, 0, 2, 12
"/Users/chris/playground/oas/lib/oas/trainings/training_tags.ex", "Elixir", 0, 0, 0, 13, 0, 0, 0, 0, 0, 0, 0, 0, 0, 0, 2, 15
"/Users/chris/playground/oas/lib/oas/trainings/training_where.ex", "Elixir", 0, 0, 0, 8, 0, 0, 0, 0, 0, 0, 0, 0, 0, 0, 2, 10
"/Users/chris/playground/oas/lib/oas/trainings/traning.ex", "Elixir", 0, 0, 0, 12, 0, 0, 0, 0, 0, 0, 0, 0, 0, 0, 2, 14
"/Users/chris/playground/oas/lib/oas/transactions/transaction.ex", "Elixir", 0, 0, 0, 44, 0, 0, 0, 0, 0, 0, 0, 0, 0, 0, 6, 50
"/Users/chris/playground/oas/lib/oas/transactions/transaction_tags.ex", "Elixir", 0, 0, 0, 27, 0, 0, 0, 0, 0, 0, 0, 0, 0, 0, 3, 30
"/Users/chris/playground/oas/lib/oas_web.ex", "Elixir", 0, 0, 0, 82, 0, 0, 0, 0, 0, 0, 0, 0, 0, 5, 24, 111
"/Users/chris/playground/oas/lib/oas_web/context.ex", "Elixir", 0, 0, 0, 26, 0, 0, 0, 0, 0, 0, 0, 0, 0, 1, 5, 32
"/Users/chris/playground/oas/lib/oas_web/controllers/member_auth.ex", "Elixir", 0, 0, 0, 109, 0, 0, 0, 0, 0, 0, 0, 0, 0, 19, 23, 151
"/Users/chris/playground/oas/lib/oas_web/controllers/member_confirmation_controller.ex", "Elixir", 0, 0, 0, 42, 0, 0, 0, 0, 0, 0, 0, 0, 0, 6, 9, 57
"/Users/chris/playground/oas/lib/oas_web/controllers/member_registration_controller.ex", "Elixir", 0, 0, 0, 25, 0, 0, 0, 0, 0, 0, 0, 0, 0, 0, 6, 31
"/Users/chris/playground/oas/lib/oas_web/controllers/member_reset_password_controller.ex", "Elixir", 0, 0, 0, 46, 0, 0, 0, 0, 0, 0, 0, 0, 0, 2, 11, 59
"/Users/chris/playground/oas/lib/oas_web/controllers/member_session_controller.ex", "Elixir", 0, 0, 0, 21, 0, 0, 0, 0, 0, 0, 0, 0, 0, 1, 6, 28
"/Users/chris/playground/oas/lib/oas_web/controllers/member_settings_controller.ex", "Elixir", 0, 0, 0, 60, 0, 0, 0, 0, 0, 0, 0, 0, 0, 0, 15, 75
"/Users/chris/playground/oas/lib/oas_web/controllers/page_controller.ex", "Elixir", 0, 0, 0, 6, 0, 0, 0, 0, 0, 0, 0, 0, 0, 0, 3, 9
"/Users/chris/playground/oas/lib/oas_web/endpoint.ex", "Elixir", 0, 0, 0, 35, 0, 0, 0, 0, 0, 0, 0, 0, 0, 11, 12, 58
"/Users/chris/playground/oas/lib/oas_web/gettext.ex", "Elixir", 0, 0, 0, 15, 0, 0, 0, 0, 0, 0, 0, 0, 0, 3, 7, 25
"/Users/chris/playground/oas/lib/oas_web/router.ex", "Elixir", 0, 0, 0, 72, 0, 0, 0, 0, 0, 0, 0, 0, 0, 17, 24, 113
"/Users/chris/playground/oas/lib/oas_web/schema.ex", "Elixir", 0, 0, 0, 48, 0, 0, 0, 0, 0, 0, 0, 0, 0, 7, 21, 76
"/Users/chris/playground/oas/lib/oas_web/schema/middleware_mutation.ex", "Elixir", 0, 0, 0, 12, 0, 0, 0, 0, 0, 0, 0, 0, 0, 0, 1, 13
"/Users/chris/playground/oas/lib/oas_web/schema/middleware_query.ex", "Elixir", 0, 0, 0, 13, 0, 0, 0, 0, 0, 0, 0, 0, 0, 0, 1, 14
"/Users/chris/playground/oas/lib/oas_web/schema/schema_analysis.ex", "Elixir", 0, 0, 0, 56, 0, 0, 0, 0, 0, 0, 0, 0, 0, 0, 10, 66
"/Users/chris/playground/oas/lib/oas_web/schema/schema_attendance.ex", "Elixir", 0, 0, 0, 55, 0, 0, 0, 0, 0, 0, 0, 0, 0, 3, 9, 67
"/Users/chris/playground/oas/lib/oas_web/schema/schema_member.ex", "Elixir", 0, 0, 0, 207, 0, 0, 0, 0, 0, 0, 0, 0, 0, 19, 35, 261
"/Users/chris/playground/oas/lib/oas_web/schema/schema_token.ex", "Elixir", 0, 0, 0, 81, 0, 0, 0, 0, 0, 0, 0, 0, 0, 1, 6, 88
"/Users/chris/playground/oas/lib/oas_web/schema/schema_training.ex", "Elixir", 0, 0, 0, 199, 0, 0, 0, 0, 0, 0, 0, 0, 0, 9, 26, 234
"/Users/chris/playground/oas/lib/oas_web/schema/schema_transaction.ex", "Elixir", 0, 0, 0, 171, 0, 0, 0, 0, 0, 0, 0, 0, 0, 18, 18, 207
"/Users/chris/playground/oas/lib/oas_web/schema/schema_transactions_import.ex", "Elixir", 0, 0, 0, 130, 0, 0, 0, 0, 0, 0, 0, 0, 0, 10, 17, 157
"/Users/chris/playground/oas/lib/oas_web/schema/schema_types.ex", "Elixir", 0, 0, 0, 6, 0, 0, 0, 0, 0, 0, 0, 0, 0, 0, 2, 8
"/Users/chris/playground/oas/lib/oas_web/schema/schema_user.ex", "Elixir", 0, 0, 0, 19, 0, 0, 0, 0, 0, 0, 0, 0, 0, 0, 4, 23
"/Users/chris/playground/oas/lib/oas_web/schema/schema_utils.ex", "Elixir", 0, 0, 0, 14, 0, 0, 0, 0, 0, 0, 0, 0, 0, 0, 4, 18
"/Users/chris/playground/oas/lib/oas_web/telemetry.ex", "Elixir", 0, 0, 0, 54, 0, 0, 0, 0, 0, 0, 0, 0, 0, 10, 8, 72
"/Users/chris/playground/oas/lib/oas_web/templates/layout/_member_menu.html.heex", "HEEx", 0, 0, 0, 0, 10, 0, 0, 0, 0, 0, 0, 0, 0, 0, 1, 11
"/Users/chris/playground/oas/lib/oas_web/templates/layout/app.html.heex", "HEEx", 0, 0, 0, 0, 5, 0, 0, 0, 0, 0, 0, 0, 0, 0, 1, 6
"/Users/chris/playground/oas/lib/oas_web/templates/layout/live.html.heex", "HEEx", 0, 0, 0, 0, 9, 0, 0, 0, 0, 0, 0, 0, 0, 0, 3, 12
"/Users/chris/playground/oas/lib/oas_web/templates/layout/root.html.heex", "HEEx", 0, 0, 0, 0, 25, 0, 0, 0, 0, 0, 0, 0, 0, 0, 1, 26
"/Users/chris/playground/oas/lib/oas_web/templates/member_confirmation/edit.html.heex", "HEEx", 0, 0, 0, 0, 10, 0, 0, 0, 0, 0, 0, 0, 0, 0, 3, 13
"/Users/chris/playground/oas/lib/oas_web/templates/member_confirmation/new.html.heex", "HEEx", 0, 0, 0, 0, 12, 0, 0, 0, 0, 0, 0, 0, 0, 0, 4, 16
"/Users/chris/playground/oas/lib/oas_web/templates/member_registration/new.html.heex", "HEEx", 0, 0, 0, 0, 24, 0, 0, 0, 0, 0, 0, 0, 0, 0, 7, 31
"/Users/chris/playground/oas/lib/oas_web/templates/member_reset_password/edit.html.heex", "HEEx", 0, 0, 0, 0, 21, 0, 0, 0, 0, 0, 0, 0, 0, 0, 6, 27
"/Users/chris/playground/oas/lib/oas_web/templates/member_reset_password/new.html.heex", "HEEx", 0, 0, 0, 0, 12, 0, 0, 0, 0, 0, 0, 0, 0, 0, 4, 16
"/Users/chris/playground/oas/lib/oas_web/templates/member_session/new.html.heex", "HEEx", 0, 0, 0, 0, 21, 0, 0, 0, 0, 0, 0, 0, 0, 0, 7, 28
"/Users/chris/playground/oas/lib/oas_web/templates/member_settings/edit.html.heex", "HEEx", 0, 0, 0, 0, 40, 0, 0, 0, 0, 0, 0, 0, 0, 0, 14, 54
"/Users/chris/playground/oas/lib/oas_web/templates/page/index.html.heex", "HEEx", 0, 0, 0, 0, 8, 0, 0, 0, 0, 0, 0, 0, 0, 0, 0, 8
"/Users/chris/playground/oas/lib/oas_web/views/error_helpers.ex", "Elixir", 0, 0, 0, 27, 0, 0, 0, 0, 0, 0, 0, 0, 0, 17, 4, 48
"/Users/chris/playground/oas/lib/oas_web/views/error_view.ex", "Elixir", 0, 0, 0, 6, 0, 0, 0, 0, 0, 0, 0, 0, 0, 8, 3, 17
"/Users/chris/playground/oas/lib/oas_web/views/layout_view.ex", "Elixir", 0, 0, 0, 4, 0, 0, 0, 0, 0, 0, 0, 0, 0, 2, 2, 8
"/Users/chris/playground/oas/lib/oas_web/views/member_confirmation_view.ex", "Elixir", 0, 0, 0, 3, 0, 0, 0, 0, 0, 0, 0, 0, 0, 0, 1, 4
"/Users/chris/playground/oas/lib/oas_web/views/member_registration_view.ex", "Elixir", 0, 0, 0, 3, 0, 0, 0, 0, 0, 0, 0, 0, 0, 0, 1, 4
"/Users/chris/playground/oas/lib/oas_web/views/member_reset_password_view.ex", "Elixir", 0, 0, 0, 3, 0, 0, 0, 0, 0, 0, 0, 0, 0, 0, 1, 4
"/Users/chris/playground/oas/lib/oas_web/views/member_session_view.ex", "Elixir", 0, 0, 0, 3, 0, 0, 0, 0, 0, 0, 0, 0, 0, 0, 1, 4
"/Users/chris/playground/oas/lib/oas_web/views/member_settings_view.ex", "Elixir", 0, 0, 0, 3, 0, 0, 0, 0, 0, 0, 0, 0, 0, 0, 1, 4
"/Users/chris/playground/oas/lib/oas_web/views/page_view.ex", "Elixir", 0, 0, 0, 3, 0, 0, 0, 0, 0, 0, 0, 0, 0, 0, 1, 4
"/Users/chris/playground/oas/mix.exs", "Elixir", 0, 0, 0, 63, 0, 0, 0, 0, 0, 0, 0, 0, 0, 14, 6, 83
"/Users/chris/playground/oas/oas-web-public/README.md", "Markdown", 0, 0, 0, 0, 0, 0, 38, 0, 0, 0, 0, 0, 0, 0, 33, 71
"/Users/chris/playground/oas/oas-web-public/package-lock.json", "JSON", 0, 0, 0, 0, 0, 0, 0, 30156, 0, 0, 0, 0, 0, 0, 1, 30157
"/Users/chris/playground/oas/oas-web-public/package.json", "JSON", 0, 0, 0, 0, 0, 0, 0, 45, 0, 0, 0, 0, 0, 0, 1, 46
"/Users/chris/playground/oas/oas-web-public/public/index.html", "HTML", 0, 0, 0, 0, 0, 0, 0, 0, 0, 20, 0, 0, 0, 23, 1, 44
"/Users/chris/playground/oas/oas-web-public/public/manifest.json", "JSON", 0, 0, 0, 0, 0, 0, 0, 25, 0, 0, 0, 0, 0, 0, 1, 26
"/Users/chris/playground/oas/oas-web-public/src/App/App.css", "CSS", 0, 47, 0, 0, 0, 0, 0, 0, 0, 0, 0, 0, 0, 1, 9, 57
"/Users/chris/playground/oas/oas-web-public/src/App/App.js", "JavaScript", 0, 0, 32, 0, 0, 0, 0, 0, 0, 0, 0, 0, 0, 1, 4, 37
"/Users/chris/playground/oas/oas-web-public/src/App/App.test.js", "JavaScript", 0, 0, 7, 0, 0, 0, 0, 0, 0, 0, 0, 0, 0, 0, 2, 9
"/Users/chris/playground/oas/oas-web-public/src/App/logo.svg", "XML", 0, 0, 0, 0, 0, 0, 0, 0, 1, 0, 0, 0, 0, 0, 0, 1
"/Users/chris/playground/oas/oas-web-public/src/Home/Home.js", "JavaScript", 0, 0, 6, 0, 0, 0, 0, 0, 0, 0, 0, 0, 0, 0, 3, 9
"/Users/chris/playground/oas/oas-web-public/src/Members/Info.js", "JavaScript", 0, 0, 6, 0, 0, 0, 0, 0, 0, 0, 0, 0, 0, 0, 2, 8
"/Users/chris/playground/oas/oas-web-public/src/Members/MembershipForm.js", "JavaScript", 0, 0, 223, 0, 0, 0, 0, 0, 0, 0, 0, 0, 0, 1, 21, 245
"/Users/chris/playground/oas/oas-web-public/src/Members/MembershipSuccess.js", "JavaScript", 0, 0, 8, 0, 0, 0, 0, 0, 0, 0, 0, 0, 0, 0, 3, 11
"/Users/chris/playground/oas/oas-web-public/src/index.css", "CSS", 0, 12, 0, 0, 0, 0, 0, 0, 0, 0, 0, 0, 0, 0, 2, 14
"/Users/chris/playground/oas/oas-web-public/src/index.js", "JavaScript", 0, 0, 48, 0, 0, 0, 0, 0, 0, 0, 0, 0, 0, 5, 6, 59
"/Users/chris/playground/oas/oas-web-public/src/reportWebVitals.js", "JavaScript", 0, 0, 12, 0, 0, 0, 0, 0, 0, 0, 0, 0, 0, 0, 2, 14
"/Users/chris/playground/oas/oas-web-public/src/setupTests.js", "JavaScript", 0, 0, 1, 0, 0, 0, 0, 0, 0, 0, 0, 0, 0, 4, 1, 6
"/Users/chris/playground/oas/oas-web/README.md", "Markdown", 0, 0, 0, 0, 0, 0, 38, 0, 0, 0, 0, 0, 0, 0, 33, 71
"/Users/chris/playground/oas/oas-web/package-lock.json", "JSON", 0, 0, 0, 0, 0, 0, 0, 30190, 0, 0, 0, 0, 0, 0, 1, 30191
"/Users/chris/playground/oas/oas-web/package.json", "JSON", 0, 0, 0, 0, 0, 0, 0, 52, 0, 0, 0, 0, 0, 0, 1, 53
"/Users/chris/playground/oas/oas-web/public/index.html", "HTML", 0, 0, 0, 0, 0, 0, 0, 0, 0, 20, 0, 0, 0, 23, 1, 44
"/Users/chris/playground/oas/oas-web/public/manifest.json", "JSON", 0, 0, 0, 0, 0, 0, 0, 25, 0, 0, 0, 0, 0, 0, 1, 26
"/Users/chris/playground/oas/oas-web/src/Analysis/Analysis.js", "JavaScript", 0, 0, 100, 0, 0, 0, 0, 0, 0, 0, 0, 0, 0, 0, 10, 110
"/Users/chris/playground/oas/oas-web/src/App/App.css", "CSS", 0, 39, 0, 0, 0, 0, 0, 0, 0, 0, 0, 0, 0, 0, 8, 47
"/Users/chris/playground/oas/oas-web/src/App/App.js", "JavaScript", 0, 0, 62, 0, 0, 0, 0, 0, 0, 0, 0, 0, 0, 1, 6, 69
"/Users/chris/playground/oas/oas-web/src/App/App.test.js", "JavaScript", 0, 0, 7, 0, 0, 0, 0, 0, 0, 0, 0, 0, 0, 0, 2, 9
"/Users/chris/playground/oas/oas-web/src/App/AppMenu.js", "JavaScript", 0, 0, 97, 0, 0, 0, 0, 0, 0, 0, 0, 0, 0, 0, 6, 103
"/Users/chris/playground/oas/oas-web/src/App/Links.js", "JavaScript", 0, 0, 47, 0, 0, 0, 0, 0, 0, 0, 0, 0, 0, 0, 17, 64
"/Users/chris/playground/oas/oas-web/src/App/logo.svg", "XML", 0, 0, 0, 0, 0, 0, 0, 0, 1, 0, 0, 0, 0, 0, 0, 1
"/Users/chris/playground/oas/oas-web/src/Member/Member.js", "JavaScript", 0, 0, 198, 0, 0, 0, 0, 0, 0, 0, 0, 0, 0, 0, 15, 213
"/Users/chris/playground/oas/oas-web/src/Member/MemberDetails.js", "JavaScript", 0, 0, 121, 0, 0, 0, 0, 0, 0, 0, 0, 0, 0, 0, 7, 128
"/Users/chris/playground/oas/oas-web/src/Member/MemberMembershipPeriods.js", "JavaScript", 0, 0, 35, 0, 0, 0, 0, 0, 0, 0, 0, 0, 0, 0, 6, 41
"/Users/chris/playground/oas/oas-web/src/Member/MemberTokens.js", "JavaScript", 0, 0, 31, 0, 0, 0, 0, 0, 0, 0, 0, 0, 0, 0, 7, 38
"/Users/chris/playground/oas/oas-web/src/Member/Members.js", "JavaScript", 0, 0, 53, 0, 0, 0, 0, 0, 0, 0, 0, 0, 0, 0, 5, 58
"/Users/chris/playground/oas/oas-web/src/Member/MembersDisplay.js", "JavaScript", 0, 0, 51, 0, 0, 0, 0, 0, 0, 0, 0, 0, 0, 0, 3, 54
"/Users/chris/playground/oas/oas-web/src/MembershipPeriod/MembershipPeriod.js", "JavaScript", 0, 0, 155, 0, 0, 0, 0, 0, 0, 0, 0, 0, 0, 0, 13, 168
"/Users/chris/playground/oas/oas-web/src/MembershipPeriod/MembershipPeriodMembers.js", "JavaScript", 0, 0, 29, 0, 0, 0, 0, 0, 0, 0, 0, 0, 0, 0, 7, 36
"/Users/chris/playground/oas/oas-web/src/MembershipPeriod/MembershipPeriods.js", "JavaScript", 0, 0, 27, 0, 0, 0, 0, 0, 0, 0, 0, 0, 0, 0, 7, 34
"/Users/chris/playground/oas/oas-web/src/MembershipPeriod/MembershipPeriodsDisplay.js", "JavaScript", 0, 0, 46, 0, 0, 0, 0, 0, 0, 0, 0, 0, 0, 0, 2, 48
"/Users/chris/playground/oas/oas-web/src/Money/Tokens.js", "JavaScript", 0, 0, 125, 0, 0, 0, 0, 0, 0, 0, 0, 0, 0, 1, 11, 137
"/Users/chris/playground/oas/oas-web/src/Money/Transaction.js", "JavaScript", 0, 0, 332, 0, 0, 0, 0, 0, 0, 0, 0, 0, 0, 1, 34, 367
"/Users/chris/playground/oas/oas-web/src/Money/TransactionMembershipPeriod.js", "JavaScript", 0, 0, 77, 0, 0, 0, 0, 0, 0, 0, 0, 0, 0, 0, 11, 88
"/Users/chris/playground/oas/oas-web/src/Money/TransactionTags.js", "JavaScript", 0, 0, 60, 0, 0, 0, 0, 0, 0, 0, 0, 0, 0, 3, 8, 71
"/Users/chris/playground/oas/oas-web/src/Money/TransactionToken.js", "JavaScript", 0, 0, 136, 0, 0, 0, 0, 0, 0, 0, 0, 0, 0, 0, 13, 149
"/Users/chris/playground/oas/oas-web/src/Money/Transactions.js", "JavaScript", 0, 0, 65, 0, 0, 0, 0, 0, 0, 0, 0, 0, 0, 0, 3, 68
"/Users/chris/playground/oas/oas-web/src/Money/TransferToken.js", "JavaScript", 0, 0, 66, 0, 0, 0, 0, 0, 0, 0, 0, 0, 0, 0, 7, 73
"/Users/chris/playground/oas/oas-web/src/MoneyImport/TransactionsImport.js", "JavaScript", 0, 0, 121, 0, 0, 0, 0, 0, 0, 0, 0, 0, 0, 0, 18, 139
"/Users/chris/playground/oas/oas-web/src/MoneyImport/TransactionsImportEditor.js", "JavaScript", 0, 0, 95, 0, 0, 0, 0, 0, 0, 0, 0, 0, 0, 0, 12, 107
"/Users/chris/playground/oas/oas-web/src/MoneyImport/TransactionsImportRow.js", "JavaScript", 0, 0, 103, 0, 0, 0, 0, 0, 0, 0, 0, 0, 0, 0, 8, 111
"/Users/chris/playground/oas/oas-web/src/Training/Training.js", "JavaScript", 0, 0, 148, 0, 0, 0, 0, 0, 0, 0, 0, 0, 0, 4, 16, 168
"/Users/chris/playground/oas/oas-web/src/Training/TrainingAttendance.js", "JavaScript", 0, 0, 136, 0, 0, 0, 0, 0, 0, 0, 0, 0, 0, 0, 12, 148
"/Users/chris/playground/oas/oas-web/src/Training/TrainingTags.js", "JavaScript", 0, 0, 67, 0, 0, 0, 0, 0, 0, 0, 0, 0, 0, 17, 14, 98
"/Users/chris/playground/oas/oas-web/src/Training/TrainingWhere.js", "JavaScript", 0, 0, 66, 0, 0, 0, 0, 0, 0, 0, 0, 0, 0, 1, 10, 77
"/Users/chris/playground/oas/oas-web/src/Training/TrainingWhereFilter.js", "JavaScript", 0, 0, 44, 0, 0, 0, 0, 0, 0, 0, 0, 0, 0, 1, 7, 52
"/Users/chris/playground/oas/oas-web/src/Training/Trainings.js", "JavaScript", 0, 0, 145, 0, 0, 0, 0, 0, 0, 0, 0, 0, 0, 5, 5, 155
"/Users/chris/playground/oas/oas-web/src/index.css", "CSS", 0, 12, 0, 0, 0, 0, 0, 0, 0, 0, 0, 0, 0, 0, 2, 14
"/Users/chris/playground/oas/oas-web/src/index.js", "JavaScript", 0, 0, 134, 0, 0, 0, 0, 0, 0, 0, 0, 0, 0, 9, 8, 151
"/Users/chris/playground/oas/oas-web/src/reportWebVitals.js", "JavaScript", 0, 0, 12, 0, 0, 0, 0, 0, 0, 0, 0, 0, 0, 0, 2, 14
"/Users/chris/playground/oas/oas-web/src/setupTests.js", "JavaScript", 0, 0, 1, 0, 0, 0, 0, 0, 0, 0, 0, 0, 0, 4, 1, 6
"/Users/chris/playground/oas/oas-web/src/utils/util.js", "JavaScript", 0, 0, 32, 0, 0, 0, 0, 0, 0, 0, 0, 0, 0, 0, 3, 35
"/Users/chris/playground/oas/priv/repo/migrations/.formatter.exs", "Elixir", 0, 0, 0, 4, 0, 0, 0, 0, 0, 0, 0, 0, 0, 0, 1, 5
"/Users/chris/playground/oas/priv/repo/migrations/20221012185829_create_members_auth_tables.exs", "Elixir", 0, 0, 0, 39, 0, 0, 0, 0, 0, 0, 0, 0, 0, 0, 11, 50
"/Users/chris/playground/oas/priv/repo/migrations/20221016131322_create_schema.exs", "Elixir", 0, 0, 0, 76, 0, 0, 0, 0, 0, 0, 0, 0, 0, 6, 20, 102
"/Users/chris/playground/oas/priv/repo/seeds.exs", "Elixir", 0, 0, 0, 214, 0, 0, 0, 0, 0, 0, 0, 0, 0, 19, 8, 241
"/Users/chris/playground/oas/test/oas/members_test.exs", "Elixir", 0, 0, 0, 411, 0, 0, 0, 0, 0, 0, 0, 0, 0, 2, 96, 509
"/Users/chris/playground/oas/test/oas_web/controllers/member_auth_test.exs", "Elixir", 0, 0, 0, 138, 0, 0, 0, 0, 0, 0, 0, 0, 0, 0, 33, 171
"/Users/chris/playground/oas/test/oas_web/controllers/member_confirmation_controller_test.exs", "Elixir", 0, 0, 0, 85, 0, 0, 0, 0, 0, 0, 0, 0, 0, 2, 19, 106
"/Users/chris/playground/oas/test/oas_web/controllers/member_registration_controller_test.exs", "Elixir", 0, 0, 0, 44, 0, 0, 0, 0, 0, 0, 0, 0, 0, 1, 10, 55
"/Users/chris/playground/oas/test/oas_web/controllers/member_reset_password_controller_test.exs", "Elixir", 0, 0, 0, 95, 0, 0, 0, 0, 0, 0, 0, 0, 0, 0, 19, 114
"/Users/chris/playground/oas/test/oas_web/controllers/member_session_controller_test.exs", "Elixir", 0, 0, 0, 82, 0, 0, 0, 0, 0, 0, 0, 0, 0, 1, 16, 99
"/Users/chris/playground/oas/test/oas_web/controllers/member_settings_controller_test.exs", "Elixir", 0, 0, 0, 109, 0, 0, 0, 0, 0, 0, 0, 0, 0, 0, 21, 130
"/Users/chris/playground/oas/test/oas_web/controllers/page_controller_test.exs", "Elixir", 0, 0, 0, 7, 0, 0, 0, 0, 0, 0, 0, 0, 0, 0, 2, 9
"/Users/chris/playground/oas/test/oas_web/views/error_view_test.exs", "Elixir", 0, 0, 0, 10, 0, 0, 0, 0, 0, 0, 0, 0, 0, 1, 4, 15
"/Users/chris/playground/oas/test/oas_web/views/layout_view_test.exs", "Elixir", 0, 0, 0, 3, 0, 0, 0, 0, 0, 0, 0, 0, 0, 4, 2, 9
"/Users/chris/playground/oas/test/oas_web/views/page_view_test.exs", "Elixir", 0, 0, 0, 3, 0, 0, 0, 0, 0, 0, 0, 0, 0, 0, 1, 4
"/Users/chris/playground/oas/test/support/channel_case.ex", "Elixir", 0, 0, 0, 28, 0, 0, 0, 0, 0, 0, 0, 0, 0, 2, 7, 37
"/Users/chris/playground/oas/test/support/conn_case.ex", "Elixir", 0, 0, 0, 50, 0, 0, 0, 0, 0, 0, 0, 0, 0, 2, 14, 66
"/Users/chris/playground/oas/test/support/data_case.ex", "Elixir", 0, 0, 0, 42, 0, 0, 0, 0, 0, 0, 0, 0, 0, 0, 10, 52
"/Users/chris/playground/oas/test/support/fixtures/members_fixtures.ex", "Elixir", 0, 0, 0, 26, 0, 0, 0, 0, 0, 0, 0, 0, 0, 0, 6, 32
"/Users/chris/playground/oas/test/test_helper.exs", "Elixir", 0, 0, 0, 2, 0, 0, 0, 0, 0, 0, 0, 0, 0, 0, 1, 3
"Total", "-", 8, 302, 3524, 4403, 197, 2, 144, 60493, 2, 40, 121, 31, 15, 607, 1551, 71440